metric,value
raw_listing_rows,2865
listing_rows_missing_id,0
cleaned_listing_rows,2865
raw_calendar_rows,1046820
calendar_rows_missing_listing_id,0
calendar_rows_invalid_date,0
calendar_invalid_availability_rows,0
raw_review_rows,345241
review_rows_missing_listing_id,0
review_rows_invalid_date,0
review_rows_after_snapshot,5
unique_listing_ids,2865
unique_calendar_listing_ids,2868
unique_review_listing_ids,2648
calendar_ids_not_in_listings,3
review_ids_not_in_listings,1
prop_listings_with_calendar_rows,1.0
prop_listings_with_any_review_row,0.9239092495636998
listing_price_invalid_or_missing,249
amenity_parse_failures,0
amenity_count_missing,0
host_type_missing,0
n_listings_passing_calendar_coverage_30d,2581
prop_listings_passing_calendar_coverage_30d,0.9008726003490402
n_listings_passing_calendar_coverage_90d,2865
prop_listings_passing_calendar_coverage_90d,1.0
prop_listings_with_review_on_or_before_snapshot,0.9239092495636998
