listing_id,date,available,minimum_nights,maximum_nights
1,2026-06-24,t,1,365
1,2026-06-25,f,1,365
1,2026-06-26,f,1,365
1,2026-06-27,f,1,365
1,2026-06-28,f,1,365
1,2026-06-29,f,1,365
1,2026-06-30,f,1,365
1,2026-07-01,f,1,365
1,2026-07-02,f,1,365
1,2026-07-03,f,1,365
1,2026-07-04,f,1,365
1,2026-07-05,f,1,365
1,2026-07-06,f,1,365
1,2026-07-07,f,1,365
1,2026-07-08,f,1,365
1,2026-07-09,f,1,365
1,2026-07-10,t,1,365
1,2026-07-11,t,1,365
1,2026-07-12,t,1,365
1,2026-07-13,t,1,365
1,2026-07-14,t,1,365
1,2026-07-15,t,1,365
1,2026-07-16,t,1,365
1,2026-07-17,t,1,365
1,2026-07-18,t,1,365
1,2026-07-19,t,1,365
1,2026-07-20,t,1,365
1,2026-07-21,t,1,365
1,2026-07-22,t,1,365
1,2026-07-23,t,1,365
1,2026-07-24,t,1,365
1,2026-07-25,t,1,365
1,2026-07-26,t,1,365
1,2026-07-27,t,1,365
1,2026-07-28,t,1,365
1,2026-07-29,t,1,365
1,2026-07-30,t,1,365
1,2026-07-31,t,1,365
1,2026-08-01,t,1,365
1,2026-08-02,t,1,365
1,2026-08-03,t,1,365
1,2026-08-04,t,1,365
1,2026-08-05,t,1,365
1,2026-08-06,t,1,365
1,2026-08-07,t,1,365
1,2026-08-08,t,1,365
1,2026-08-09,t,1,365
1,2026-08-10,t,1,365
1,2026-08-11,t,1,365
1,2026-08-12,t,1,365
1,2026-08-13,t,1,365
1,2026-08-14,t,1,365
1,2026-08-15,t,1,365
1,2026-08-16,t,1,365
1,2026-08-17,t,1,365
1,2026-08-18,t,1,365
1,2026-08-19,t,1,365
1,2026-08-20,t,1,365
1,2026-08-21,t,1,365
1,2026-08-22,t,1,365
1,2026-08-23,t,1,365
1,2026-08-24,t,1,365
1,2026-08-25,t,1,365
1,2026-08-26,t,1,365
1,2026-08-27,t,1,365
1,2026-08-28,t,1,365
1,2026-08-29,t,1,365
1,2026-08-30,t,1,365
1,2026-08-31,t,1,365
1,2026-09-01,t,1,365
1,2026-09-02,t,1,365
1,2026-09-03,t,1,365
1,2026-09-04,t,1,365
1,2026-09-05,t,1,365
1,2026-09-06,t,1,365
1,2026-09-07,t,1,365
1,2026-09-08,t,1,365
1,2026-09-09,t,1,365
1,2026-09-10,t,1,365
1,2026-09-11,t,1,365
1,2026-09-12,t,1,365
1,2026-09-13,t,1,365
1,2026-09-14,t,1,365
1,2026-09-15,t,1,365
1,2026-09-16,t,1,365
1,2026-09-17,t,1,365
1,2026-09-18,t,1,365
1,2026-09-19,t,1,365
1,2026-09-20,t,1,365
1,2026-09-21,t,1,365
1,2026-09-22,t,1,365
1,2026-09-23,t,1,365
2,2026-06-25,t,1,365
2,2026-06-26,t,1,365
2,2026-06-27,t,1,365
2,2026-06-28,t,1,365
2,2026-06-29,t,1,365
2,2026-06-30,t,1,365
2,2026-07-01,t,1,365
2,2026-07-02,t,1,365
2,2026-07-03,t,1,365
2,2026-07-04,t,1,365
2,2026-07-05,t,1,365
2,2026-07-06,t,1,365
2,2026-07-07,t,1,365
2,2026-07-08,t,1,365
2,2026-07-09,t,1,365
2,2026-07-10,t,1,365
2,2026-07-11,t,1,365
2,2026-07-12,t,1,365
2,2026-07-13,t,1,365
2,2026-07-14,t,1,365
2,2026-07-15,t,1,365
2,2026-07-16,t,1,365
2,2026-07-17,t,1,365
2,2026-07-18,t,1,365
2,2026-07-25,t,1,365
2,2026-07-26,t,1,365
2,2026-07-27,t,1,365
2,2026-07-28,t,1,365
2,2026-07-29,t,1,365
2,2026-07-30,t,1,365
2,2026-07-31,t,1,365
2,2026-08-01,t,1,365
2,2026-08-02,t,1,365
2,2026-08-03,t,1,365
2,2026-08-04,t,1,365
2,2026-08-05,t,1,365
2,2026-08-06,t,1,365
2,2026-08-07,t,1,365
2,2026-08-08,t,1,365
2,2026-08-09,t,1,365
2,2026-08-10,t,1,365
2,2026-08-11,t,1,365
2,2026-08-12,t,1,365
2,2026-08-13,t,1,365
2,2026-08-14,t,1,365
2,2026-08-15,t,1,365
2,2026-08-16,t,1,365
2,2026-08-17,t,1,365
2,2026-08-18,t,1,365
2,2026-08-19,t,1,365
2,2026-08-20,t,1,365
2,2026-08-21,t,1,365
2,2026-08-22,t,1,365
2,2026-08-23,t,1,365
2,2026-08-24,t,1,365
2,2026-08-25,t,1,365
2,2026-08-26,t,1,365
2,2026-08-27,t,1,365
2,2026-08-28,t,1,365
2,2026-08-29,t,1,365
2,2026-08-30,t,1,365
2,2026-08-31,t,1,365
2,2026-09-01,t,1,365
2,2026-09-02,t,1,365
2,2026-09-03,t,1,365
2,2026-09-04,t,1,365
2,2026-09-05,t,1,365
2,2026-09-06,t,1,365
2,2026-09-07,t,1,365
2,2026-09-08,t,1,365
2,2026-09-09,t,1,365
2,2026-09-10,t,1,365
3,2026-06-25,t,1,365
3,2026-06-26,t,1,365
3,2026-06-27,t,1,365
3,2026-06-28,t,1,365
3,2026-06-29,t,1,365
3,2026-06-30,t,1,365
3,2026-07-01,t,1,365
3,2026-07-02,t,1,365
3,2026-07-03,t,1,365
3,2026-07-04,t,1,365
3,2026-07-05,t,1,365
3,2026-07-06,t,1,365
3,2026-07-07,t,1,365
3,2026-07-08,t,1,365
3,2026-07-09,t,1,365
3,2026-07-10,t,1,365
3,2026-07-11,t,1,365
3,2026-07-12,t,1,365
3,2026-07-13,t,1,365
3,2026-07-14,t,1,365
3,2026-07-15,t,1,365
3,2026-07-16,t,1,365
3,2026-07-17,t,1,365
3,2026-07-25,t,1,365
3,2026-07-26,t,1,365
3,2026-07-27,t,1,365
3,2026-07-28,t,1,365
3,2026-07-29,t,1,365
3,2026-07-30,t,1,365
3,2026-07-31,t,1,365
3,2026-08-01,t,1,365
3,2026-08-02,t,1,365
3,2026-08-03,t,1,365
3,2026-08-04,t,1,365
3,2026-08-05,t,1,365
3,2026-08-06,t,1,365
3,2026-08-07,t,1,365
3,2026-08-08,t,1,365
3,2026-08-09,t,1,365
3,2026-08-10,t,1,365
3,2026-08-11,t,1,365
3,2026-08-12,t,1,365
3,2026-08-13,t,1,365
3,2026-08-14,t,1,365
3,2026-08-15,t,1,365
3,2026-08-16,t,1,365
3,2026-08-17,t,1,365
3,2026-08-18,t,1,365
3,2026-08-19,t,1,365
3,2026-08-20,t,1,365
3,2026-08-21,t,1,365
3,2026-08-22,t,1,365
3,2026-08-23,t,1,365
3,2026-08-24,t,1,365
3,2026-08-25,t,1,365
3,2026-08-26,t,1,365
3,2026-08-27,t,1,365
3,2026-08-28,t,1,365
3,2026-08-29,t,1,365
3,2026-08-30,t,1,365
3,2026-08-31,t,1,365
3,2026-09-01,t,1,365
3,2026-09-02,t,1,365
3,2026-09-03,t,1,365
3,2026-09-04,t,1,365
3,2026-09-05,t,1,365
3,2026-09-06,t,1,365
3,2026-09-07,t,1,365
3,2026-09-08,t,1,365
3,2026-09-09,t,1,365
3,2026-09-10,t,1,365
4,2026-06-25,f,1,365
4,2026-06-26,f,1,365
4,2026-06-27,f,1,365
4,2026-06-28,f,1,365
4,2026-06-29,f,1,365
4,2026-06-30,f,1,365
4,2026-07-01,f,1,365
4,2026-07-02,f,1,365
4,2026-07-03,f,1,365
4,2026-07-04,f,1,365
4,2026-07-05,f,1,365
4,2026-07-06,f,1,365
4,2026-07-07,f,1,365
4,2026-07-08,f,1,365
4,2026-07-09,f,1,365
4,2026-07-10,f,1,365
4,2026-07-11,f,1,365
4,2026-07-12,f,1,365
4,2026-07-13,f,1,365
4,2026-07-14,f,1,365
4,2026-07-15,f,1,365
4,2026-07-16,f,1,365
4,2026-07-17,f,1,365
4,2026-07-18,f,1,365
4,2026-07-19,f,1,365
4,2026-07-20,f,1,365
4,2026-07-21,f,1,365
4,2026-07-22,f,1,365
4,2026-07-23,f,1,365
4,2026-07-24,f,1,365
4,2026-07-25,f,1,365
4,2026-07-26,f,1,365
4,2026-07-27,f,1,365
4,2026-07-28,f,1,365
4,2026-07-29,f,1,365
4,2026-07-30,f,1,365
4,2026-07-31,f,1,365
4,2026-08-01,f,1,365
4,2026-08-02,f,1,365
4,2026-08-03,f,1,365
4,2026-08-04,f,1,365
4,2026-08-05,f,1,365
4,2026-08-06,f,1,365
4,2026-08-07,f,1,365
4,2026-08-08,f,1,365
4,2026-08-09,f,1,365
4,2026-08-10,f,1,365
4,2026-08-11,f,1,365
4,2026-08-12,f,1,365
4,2026-08-13,f,1,365
4,2026-08-14,f,1,365
4,2026-08-15,f,1,365
4,2026-08-16,f,1,365
4,2026-08-17,f,1,365
4,2026-08-18,f,1,365
4,2026-08-19,f,1,365
4,2026-08-20,f,1,365
4,2026-08-21,f,1,365
4,2026-08-22,f,1,365
4,2026-08-23,f,1,365
4,2026-08-24,f,1,365
4,2026-08-25,f,1,365
4,2026-08-26,f,1,365
4,2026-08-27,f,1,365
4,2026-08-28,f,1,365
4,2026-08-29,f,1,365
4,2026-08-30,f,1,365
4,2026-08-31,f,1,365
4,2026-09-01,f,1,365
4,2026-09-02,f,1,365
4,2026-09-03,f,1,365
4,2026-09-04,f,1,365
4,2026-09-05,f,1,365
4,2026-09-06,f,1,365
4,2026-09-07,f,1,365
4,2026-09-08,f,1,365
4,2026-09-09,f,1,365
4,2026-09-10,f,1,365
4,2026-09-11,f,1,365
4,2026-09-12,f,1,365
4,2026-09-13,f,1,365
4,2026-09-14,f,1,365
4,2026-09-15,f,1,365
4,2026-09-16,f,1,365
4,2026-09-17,f,1,365
4,2026-09-18,f,1,365
4,2026-09-19,f,1,365
4,2026-09-20,f,1,365
4,2026-09-21,f,1,365
4,2026-09-22,f,1,365
6,2026-06-25,x,1,365
6,2026-06-26,x,1,365
6,2026-06-27,f,1,365
6,2026-06-28,f,1,365
6,2026-06-29,f,1,365
6,2026-06-30,f,1,365
6,2026-07-01,f,1,365
6,2026-07-02,f,1,365
6,2026-07-03,f,1,365
6,2026-07-04,f,1,365
6,2026-07-05,f,1,365
6,2026-07-06,f,1,365
6,2026-07-07,f,1,365
6,2026-07-08,f,1,365
6,2026-07-09,f,1,365
6,2026-07-10,t,1,365
6,2026-07-11,t,1,365
6,2026-07-12,t,1,365
6,2026-07-13,t,1,365
6,2026-07-14,t,1,365
6,2026-07-15,t,1,365
6,2026-07-16,t,1,365
6,2026-07-17,t,1,365
6,2026-07-18,t,1,365
6,2026-07-19,t,1,365
6,2026-07-20,t,1,365
6,2026-07-21,t,1,365
6,2026-07-22,t,1,365
6,2026-07-23,t,1,365
6,2026-07-24,t,1,365
6,2026-07-25,t,1,365
6,2026-07-26,t,1,365
6,2026-07-27,t,1,365
6,2026-07-28,t,1,365
6,2026-07-29,t,1,365
6,2026-07-30,t,1,365
6,2026-07-31,t,1,365
6,2026-08-01,t,1,365
6,2026-08-02,t,1,365
6,2026-08-03,t,1,365
6,2026-08-04,t,1,365
6,2026-08-05,t,1,365
6,2026-08-06,t,1,365
6,2026-08-07,t,1,365
6,2026-08-08,t,1,365
6,2026-08-09,t,1,365
6,2026-08-10,t,1,365
6,2026-08-11,t,1,365
6,2026-08-12,t,1,365
6,2026-08-13,t,1,365
6,2026-08-14,t,1,365
6,2026-08-15,t,1,365
6,2026-08-16,t,1,365
6,2026-08-17,t,1,365
6,2026-08-18,t,1,365
6,2026-08-19,t,1,365
6,2026-08-20,t,1,365
6,2026-08-21,t,1,365
6,2026-08-22,t,1,365
6,2026-08-23,t,1,365
6,2026-08-24,t,1,365
6,2026-08-25,t,1,365
6,2026-08-26,t,1,365
6,2026-08-27,t,1,365
6,2026-08-28,t,1,365
6,2026-08-29,t,1,365
6,2026-08-30,t,1,365
6,2026-08-31,t,1,365
6,2026-09-01,t,1,365
6,2026-09-02,t,1,365
6,2026-09-03,t,1,365
6,2026-09-04,t,1,365
6,2026-09-05,t,1,365
6,2026-09-06,t,1,365
6,2026-09-07,t,1,365
6,2026-09-08,t,1,365
6,2026-09-09,t,1,365
6,2026-09-10,t,1,365
6,2026-09-11,t,1,365
6,2026-09-12,t,1,365
6,2026-09-13,t,1,365
6,2026-09-14,t,1,365
6,2026-09-15,t,1,365
6,2026-09-16,t,1,365
6,2026-09-17,t,1,365
6,2026-09-18,t,1,365
6,2026-09-19,t,1,365
6,2026-09-20,t,1,365
6,2026-09-21,t,1,365
6,2026-09-22,t,1,365
9999,2026-06-25,t,1,365
9999,2026-06-26,t,1,365
9999,2026-06-27,t,1,365
9999,2026-06-28,t,1,365
9999,2026-06-29,t,1,365
